{"cameraMode":{"drawMode":0,"name":"Shaded","section":"Shading Mode"},"sceneLighting":true,"audioPlay":false,"sceneViewState":{"showFog":true,"showMaterialUpdate":false,"showSkybox":true,"showFlares":true,"showImageEffects":true,"showParticleSystems":true},"in2DMode":false,"pivot":{"x":43.059120178222659,"y":8.663261413574219,"z":292.3564758300781},"rotation":{"x":-0.14797921478748322,"y":-0.8463500738143921,"z":0.4180198907852173,"w":-0.29585012793540957},"size":33.07213592529297,"orthographic":false}